JMF_CLIENTNAME,"Motor Vehicle"
jmf_DateCreated,"2011-2012"
+DECINTRO+ Introduction - Declaration,"Lorem ipsum dolor sit amet, consectetur adipiscing elit. Phasellus convallis dapibus ex at dapibus. Ut bibendum rutrum commodo. Etiam ut arcu eget felis venenatis congue at et libero. Praesent at quam dignissim, bibendum sapien in, convallis eros. Sed cursus justo vitae nisl ultrices, a vehicula elit vestibulum. Morbi accumsan suscipit facilisis. Nam at tempor est. Vestibulum magna metus, finibus sed lectus vel, feugiat laoreet mi. Sed dignissim sem turpis, a egestas dolor vehicula ut. Pellentesque pharetra et nisl in fermentum. Proin cursus egestas purus, sed bibendum arcu sagittis at. Suspendisse potenti. Nunc venenatis velit sem, ut bibendum lectus malesuada a. Nunc libero velit, placerat id vestibulum a, condimentum id lacus. Pellentesque vehicula viverra bibendum. Praesent congue ipsum sit amet mauris mollis finibus.

Proin non gravida nisl, sit amet varius diam. Phasellus dictum magna et metus fringilla scelerisque. Cras porta fermentum velit quis accumsan. Nam luctus mauris faucibus, rhoncus dolor non, efficitur eros. Donec quis ligula a risus semper euismod nec id augue. In maximus dictum lacus. Vivamus sapien lorem, maximus in ipsum ut, fermentum pulvinar sem. Phasellus ut ornare dolor. Nullam a sapien enim.

Pellentesque interdum tortor quis ipsum sollicitudin congue et ac dui. Nam feugiat nisl libero, a rhoncus metus pharetra sed. Vestibulum varius, nunc sit amet malesuada molestie, quam dolor rhoncus leo, posuere faucibus nunc eros eget leo. Vivamus nec est eu mauris aliquam semper a eget metus. In ut tortor sem. Quisque quis massa at orci tincidunt bibendum. Pellentesque at rhoncus metus, non venenatis libero. Donec dapibus, metus vitae eleifend blandit, risus lorem vulputate arcu, sodales varius risus mi ut sapien. Phasellus quis turpis et dolor sodales imperdiet. Vivamus ac mauris rutrum odio efficitur varius in placerat nisi. Ut placerat tortor quam, non tincidunt lorem auctor at.

Morbi consectetur urna justo, et ornare quam ornare eu. Suspendisse nec sem sit amet turpis tincidunt ornare ac in urna. Etiam eget tellus convallis, maximus tellus eget, imperdiet magna. In cursus augue viverra tortor euismod malesuada. Donec at massa non mi posuere aliquam. Sed a tincidunt massa. Fusce dui enim, egestas at enim et, elementum lacinia augue. Maecenas quis imperdiet leo, in laoreet nibh. Aliquam sit amet nunc in massa mollis sagittis quis varius ex.

Nunc in lobortis ex. Morbi et nisi nibh. Vestibulum ante ipsum primis in faucibus orci luctus et ultrices posuere cubilia Curae; Quisque bibendum felis a semper malesuada. Aliquam tristique justo vitae tincidunt faucibus. Suspendisse neque felis, luctus non urna sed, hendrerit iaculis nulla. Vestibulum consequat magna mattis sapien molestie venenatis. Etiam ex metus, auctor sit amet volutpat ac, eleifend vel odio. Class aptent taciti sociosqu ad litora torquent per conubia nostra, per inceptos himenaeos."